Linking page,Last crawled
https://www.crunchbase.com/organization/the-automations-guide,2026-07-18
https://homegrowngrowth.co/for-saas,2026-06-27
https://homegrowngrowth.co/tech-stack-audit,2026-06-27
https://homegrowngrowth.co/demand-generation,2026-06-26
https://homegrowngrowth.co/for-local-businesses,2026-06-26
https://homegrowngrowth.co/process-automation,2026-06-26
https://homegrowngrowth.co/fractional-revops,2026-06-22
https://homegrowngrowth.co/privacy-policy,2026-06-22
https://homegrowngrowth.co/website-seo-geo,2026-06-22
https://homegrowngrowth.co/crm-implementation,2026-06-21
https://homegrowngrowth.co/case-studies,2026-06-19
https://homegrowngrowth.co/pricing,2026-06-19
https://homegrowngrowth.co/sales-comp-enablement,2026-06-19
https://homegrowngrowth.co/,2026-06-18
https://homegrowngrowth.co/reporting-analytics,2026-06-18
https://homegrowngrowth.co/conversion-landing-pages,2026-06-16
https://homegrowngrowth.co/data-enrichment-hygiene,2026-06-16
https://homegrowngrowth.co/retention-expansion,2026-06-16
https://homegrowngrowth.co/sms-opt-in,2026-06-16
https://homegrowngrowth.co/about,2026-06-15
https://homegrowngrowth.co/resources,2026-06-14
https://homegrowngrowth.co/resources/geo-getting-found-on-ai-search,2026-06-14
https://homegrowngrowth.co/resources/the-90-day-payback-test,2026-06-14
https://homegrowngrowth.co/resources/what-a-crm-cleanup-actually-finds,2026-06-14
https://homegrowngrowth.co/gtm-strategy,2026-06-11
https://homegrowngrowth.co/terms,2026-06-11
https://homegrowngrowth.co/services,2026-06-10
